"氏名","ふりがな","氏名ふりがな"
"稲垣まさよし","いながきまさよし","稲垣まさよし（いながきまさよし）"
"畠山晋一","はたけやましんいち","畠山晋一（はたけやましんいち）"
"すがややすこ","すがややすこ","すがややすこ（すがややすこ）"
"新川勝二","しんかわかつじ","新川勝二（しんかわかつじ）"
"中山みずほ","なかやまみずほ","中山みずほ（なかやまみずほ）"
"佐藤弘人","さとうひろと","佐藤弘人（さとうひろと）"
"たかじょう訓子","たかじょうのりこ","たかじょう訓子（たかじょうのりこ）"
"山本","やまもと","山本（やまもと）"
"青空こうじ","あおぞらこうじ","青空こうじ（あおぞらこうじ）"
"上川あや","かみかわあや","上川あや（かみかわあや）"
"石川ナオミ","いしかわなおみ","石川ナオミ（いしかわなおみ）"
"佐藤美樹","さとうみき","佐藤美樹（さとうみき）"
"宍戸のりお","ししどのりお","宍戸のりお（ししどのりお）"
"福田たえ美","ふくだたえび","福田たえ美（ふくだたえび）"
"福田妙美","ふくだたえみ","福田妙美（ふくだたえみ）"
"諸星養一","もろぼしよういち","諸星養一（もろぼしよういち）"
"岸武志","きしたけし","岸武志（きしたけし）"
"桜井稔","さくらいみのる","桜井稔（さくらいみのる）"
"真鍋よしゆき","まなべよしゆき","真鍋よしゆき（まなべよしゆき）"
"工藤","くどう","工藤（くどう）"
"羽田圭二","はねだけいじ","羽田圭二（はねだけいじ）"
"安部ひろゆき","あべひろゆき","安部ひろゆき（あべひろゆき）"
"平塚敬二","ひらつかけいじ","平塚敬二（ひらつかけいじ）"
"ひうち優子","ひうちゆうこ","ひうち優子（ひうちゆうこ）"
"おぎのけんじ","おぎのけんじ","おぎのけんじ（おぎのけんじ）"
"石川征男","いしかわまさお","石川征男（いしかわまさお）"
"唐沢としみ","からさわとしみ","唐沢としみ（からさわとしみ）"
"平塚けいじ","ひらつかけいじ","平塚けいじ（ひらつかけいじ）"
"上山なおのり","うえやまなおのり","上山なおのり（うえやまなおのり）"
"阿久津皇","あくつこう","阿久津皇（あくつこう）"
"大場やすのぶ","おおばやすのぶ","大場やすのぶ（おおばやすのぶ）"
"和田秀壽","わだひでひさ","和田秀壽（わだひでひさ）"
"三井みほこ","みついみほこ","三井みほこ（みついみほこ）"
"あべ力也","あべりきや","あべ力也（あべりきや）"
"てるや里美","てるやさとみ","てるや里美（てるやさとみ）"
"杉田光信","すぎたみつのぶ","杉田光信（すぎたみつのぶ）"
"菅沼つとむ","すげぬまつとむ","菅沼つとむ（すげぬまつとむ）"
"あべ弘幸","あべひろゆき","あべ弘幸（あべひろゆき）"
"いたいひとし","いたいひとし","いたいひとし（いたいひとし）"
"すえおか雅之","すえおかまさゆき","すえおか雅之（すえおかまさゆき）"
"市川康憲","いちかわやすのり","市川康憲（いちかわやすのり）"
"竹村津絵","たけむらつえ","竹村津絵（たけむらつえ）"
"和田ひでとし","わだひでとし","和田ひでとし（わだひでとし）"
"風間ゆたか","かざまゆたか","風間ゆたか（かざまゆたか）"
"吉田恵子","よしだけいこ","吉田恵子（よしだけいこ）"
"小畑敏雄","おばたとしお","小畑敏雄（おばたとしお）"
"河野俊弘","こうのとしひろ","河野俊弘（こうのとしひろ）"
"桃野よしふみ","もものよしふみ","桃野よしふみ（もものよしふみ）"
"桜井純子","さくらいじゅんこ","桜井純子（さくらいじゅんこ）"
"田中優子","たなかゆうこ","田中優子（たなかゆうこ）"
"板井斎","いたいさい","板井斎（いたいさい）"
"宍戸三郎","ししどさぶろう","宍戸三郎（ししどさぶろう）"
"大塚","おおつか","大塚（おおつか）"
"里吉ゆみ","さときちゆみ","里吉ゆみ（さときちゆみ）"
"佐藤ひろと","さとうひろと","佐藤ひろと（さとうひろと）"
"高久則男","たかくのりお","高久則男（たかくのりお）"
"中里光夫","なかざとみつお","中里光夫（なかざとみつお）"
"植田靖子","うえだやすこ","植田靖子（うえだやすこ）"
"木下泰之","きのしたやすゆき","木下泰之（きのしたやすゆき）"
"河村みどり","かわむらみどり","河村みどり（かわむらみどり）"
"そのべせいや","そのべせいや","そのべせいや（そのべせいや）"
"山木きょう子","やまききょうこ","山木きょう子（やまききょうこ）"
"藤井まな","ふじいまな","藤井まな（ふじいまな）"
"上杉裕之","うえすぎひろゆき","上杉裕之（うえすぎひろゆき）"
"下山芳男","げざんよしお","下山芳男（げざんよしお）"
"高岡じゅん子","たかおかじゅんこ","高岡じゅん子（たかおかじゅんこ）"
"山内彰","やまうちあきら","山内彰（やまうちあきら）"
"桃野芳文","もものほうぶん","桃野芳文（もものほうぶん）"
"中村公太朗","なかむらこうたろう","中村公太朗（なかむらこうたろう）"
"神尾りさ","かみおりさ","神尾りさ（かみおりさ）"
"小泉たま子","こいずみたまこ","小泉たま子（こいずみたまこ）"
"津上仁志","つうえひとし","津上仁志（つうえひとし）"
"西村じゅんや","にしむらじゅんや","西村じゅんや（にしむらじゅんや）"
"高橋昭彦","たかはしあきひこ","高橋昭彦（たかはしあきひこ）"
"くりはら博之","くりはらひろゆき","くりはら博之（くりはらひろゆき）"
"大庭正明","おおばまさあき","大庭正明（おおばまさあき）"
"村田義則","むらたよしのり","村田義則（むらたよしのり）"
"川上和彦","かわかみかずひこ","川上和彦（かわかみかずひこ）"
"飯塚和道","いいづかかずみち","飯塚和道（いいづかかずみち）"
"中塚さちよ","なかつかさちよ","中塚さちよ（なかつかさちよ）"
"鈴木昌二","すずきしょうじ","鈴木昌二（すずきしょうじ）"
"加藤たいき","かとうたいき","加藤たいき（かとうたいき）"
"田中みち子","たなかみちこ","田中みち子（たなかみちこ）"
"小松大祐","こまつだいすけ","小松大祐（こまつだいすけ）"
"ひえしま進","ひえしますすむ","ひえしま進（ひえしますすむ）"
"上島よしもり","かみしまよしもり","上島よしもり（かみしまよしもり）"
"江口じゅん子","えぐちじゅんこ","江口じゅん子（えぐちじゅんこ）"
"岡本のぶ子","おかもとのぶこ","岡本のぶ子（おかもとのぶこ）"
"重政はるゆき","しげまさはるゆき","重政はるゆき（しげまさはるゆき）"
"いそだ久美子","いそだくみこ","いそだ久美子（いそだくみこ）"
"つるみけんご","つるみけんご","つるみけんご（つるみけんご）"
"金井えり子","かないえりこ","金井えり子（かないえりこ）"
"ゆさ吉宏","ゆさよしひろ","ゆさ吉宏（ゆさよしひろ）"
"山口ひろひさ","やまぐちひろひさ","山口ひろひさ（やまぐちひろひさ）"
